{
  "build_span_min": 13.676554596424102,
  "avg_concurrency_build": 108.43362051904616,
  "peak_concurrency_build": 397,
  "bin_s": 60
}
